n,rid,decision,code,note
1,R0669,E,E7,clinical anaesthesia; no abstract
2,R1079,E,E5,Zenodo deposit
3,R0784,E,E5,Zenodo deposit
4,R0534,E,E4,"review (Harris, Reynell & Attwell 2011); citation-chase for SQ1"
5,R0441,E,E2,"graph efficiency only, no energy quantity"
6,R0590,E,E4,comment
7,R0727,E,E4,peer-review author response
8,R1195,E,E4,encyclopedia entry
9,R0175,E,E1,nuclear reactor
10,R0558,I,,"SQ2: stochastic HH model, energy efficiency of pulse-signal coding; class M (ion-flux energy)"
11,R0045,U,,SQ2? network energy-efficiency model; unclear whether energy has a physiological mapping (M) or is a proxy (P)
12,R1020,E,E1,nanofluid
13,R0142,E,E1,sensor device; no abstract
14,R0345,U,,SQ3? wiring cost and exponential distance rule; unclear whether a W-class cost is quantified
15,R1108,E,E2,"V1 model, no energy"
16,R0771,E,E4,eLife decision letter; underlying article (axonal ATP vs compound APs) to citation-chase for SQ1
17,R0681,E,E4,talk/discussion abstract
18,R0974,E,E7,clinical MEG
19,R0986,E,E2,SOFM phase transitions; title gives no energy quantity
20,R0103,E,E1,IoT optical network
21,R0542,U,,"SQ1? E/I signalling and O2 responses; no abstract, possibly a review"
22,R0961,E,E5,dissertation
23,R1174,E,E1,"evolutionary complexity, not neural"
24,R0943,E,E7,memristor hardware
25,R0020,E,E4,review
26,R0674,E,E5,congress abstract; full paper (avian neuronal glucose budget) to citation-chase for SQ1
27,R1038,E,E2,microtubule supersymmetry
28,R1161,E,E5,dissertation
29,R0470,E,E7,ANN wiring-cost proxy
30,R1070,E,E4,meeting report
31,R0222,E,E1,optical logic
32,R0281,E,E1,optoelectronic PUF
33,R0276,E,E5,dissertation
34,R0755,E,E5,dissertation
35,R0570,E,E7,TBI pharmacology
36,R0736,E,E4,peer-review document
37,R0147,I,,SQ2: energy cost per mutual information in neuronal arrays; model
38,R1011,E,E2,"phase reduction, no energy"
39,R0044,I,,"SQ2: mutual information per unit cost, HH model, synchronization"
40,R0808,E,E7,spintronic hardware
41,R0099,E,E1,smart grid
42,R0172,E,E5,Zenodo deposit
43,R0704,E,E5,dissertation
44,R0889,E,E4,book contents
45,R0115,E,E7,SNN engineering
46,R0245,E,E5,thesis (also neuromorphic)
47,R0785,E,E5,dissertation
48,R0536,E,E2,"mitochondrial pathology, no signalling-cost quantity; no abstract"
49,R0768,E,E5,dissertation
50,R0758,E,E5,Zenodo dataset
