n,rid,title,decision(I/U/E),code(E1-E7),note
1,R0669,Anesthetics and Cerebral Protection in Patients Undergoing Carotid Endarterectomy,,,
2,R1079,The Quantum-Thermodynamic Limit of Neural Sensing: Experimental Verification of the Inform,,,
3,R0784,Mechanistic and Systems-Level Limitations of Animal Models in Human Neural Instability and,,,
4,R0534,The physiology of developmental changes in BOLD functional imaging signals,,,
5,R0441,Trade-offs among brain structural network characteristics across the cognitive decline pro,,,
6,R0590,Comment on “The physiology of developmental changes in BOLD functional imaging signals” by,,,
7,R0727,Author response: Seasonal and comparative evidence of adaptive gene expression in mammalia,,,
8,R1195,Coexistence of Pathological and Functional Neuronal Regimes,,,
9,R0175,Mechanism analysis of thermal stratification in large domain of fast reactor and research ,,,
10,R0558,Optimal size of stochastic Hodgkin-Huxley neuronal systems for maximal energy efficiency i,,,
11,R0045,Presynaptic stochasticity improves energy efficiency and helps alleviate the stability-pla,,,
12,R1020,Prediction of Entropy Production and Heat Transfer Characteristics of Al2O3-Cu/Water Hybri,,,
13,R0142,Wirelessly detecting of spatiotemporal mechanical stimuli by a bio-inspired neural sensor ,,,
14,R0345,Spatial Embedding and Wiring Cost Constrain the Functional Layout of the Cortical Network ,,,
15,R1108,Continuum dynamics model of the primary visual cortex for contour detection.,,,
16,R0771,Decision letter: Monitoring ATP dynamics in electrically active white matter tracts,,,
17,R0681,Spontaneous fMRI signals and slow cortical potentials in perception,,,
18,R0974,Comparison of Three Methods for Localizing Interictal Epileptiform Discharges With Magneto,,,
19,R0986,Phase Transitions in Self-Organized Feature Maps,,,
20,R0103,Simulation of information transmission of IoT communication nodes based on fuzzy hierarchi,,,
21,R0542,"Neuronal inhibition and excitation, and the dichotomic control of brain hemodynamic and ox",,,
22,R0961,Study of phenomenological whole-brain models across multiple states of consciousness,,,
23,R1174,Randomness increases biological organization: a mathematical understanding of Gould's crit,,,
24,R0943,Realizing an Isotropically Coercive Magnetic Layer for Memristive Applications by Analogy ,,,
25,R0020,Brain Energy Metabolism: Astrocytes in Neurodegenerative Diseases,,,
26,R0674,Avian neurons consume three times less glucose compared to mammals,,,
27,R1038,One-parameter nonrelativistic supersymmetry for microtubules,,,
28,R1161,SPINTRONIC DEVICES AND ITS APPLICATIONS,,,
29,R0470,Are Topographic Deep Convolutional Neural Networks Better Models of the Ventral Visual Str,,,
30,R1070,"EUNOS Meeting, September 10–13, 2017, Budapest, Hungary",,,
31,R0222,All-optical combinational logical units featuring fifth-order cascade,,,
32,R0281,Chaos-based scalable optoelectronic physical unclonable functions with AI-driven dynamic a,,,
33,R0276,Dendritic Processing and Efficient Coding in the Retina,,,
34,R0755,Assessing neuroprotective effects of short chain fatty acids and medium chain fatty acids ,,,
35,R0570,Traumatic brain injury decreases AMP ‐activated protein kinase activity and pharmacologica,,,
36,R0736,Reviewer #2 (Public review): Seasonal and comparative evidence of adaptive gene expression,,,
37,R0147,Energy-efficient population coding constrains network size of a neuronal array system,,,
38,R1011,High-Order Accuracy Computation of Coupling Functions for Strongly Coupled Oscillators,,,
39,R0044,Neuronal Synchronization Can Control the Energy Efficiency of Inter-Spike Interval Coding,,,
40,R0808,Spin switches for compact implementation of neuron and synapse,,,
41,R0099,Adversarially Robust Fault Zone Prediction in Smart Grids With Bayesian Neural Networks,,,
42,R0172,A Solvency Theorem for Adaptive Networks: Energetic Cost of Enforced Decoupling v3,,,
43,R0704,Role of Glucose-induced Transcription Factor Signalling and Mitochondrial Epigenetics in S,,,
44,R0889,Origins,,,
45,R0115,Quantized Spike-driven Transformer,,,
46,R0245,Neuromorphic Learning Systems for Supervised and Unsupervised Applications,,,
47,R0785,The interaction between ketone bodies and carbohydrate in human metabolism,,,
48,R0536,Impaired mitochondrial bioenergetics determines glutamate-induced delayed calcium deregula,,,
49,R0768,Electrical pattern formation and function in organogenesis and tissue growth,,,
50,R0758,Energetic Scaffold Theory of Cognitive Vulnerability,,,
